id,folder,file,sketch,title,ported
S02-045,circles,S02-045.jpg,S02-045.js,Waves Through Circle,
S02-173,circles,S02-173.jpg,S02-173.js,Max Line Segments,
S02-181,lines,S02-181.jpg,S02-181.js,Glimpse Beyond,
S02-238,polygons,S02-238.jpg,S02-238.js,Fractal Cube,
S02-368,circles,S02-368.jpg,S02-368.js,Rectangles in Circle,
S02-401,circles,S02-401.jpg,S02-401.js,Lines Through Circle,
S02-404,circles,S02-404.jpg,S02-404.js,Rotating Concentric Circles,
S02-437,triangles,S02-437.jpg,S02-437.js,Trails in Triangle,
S02-446,circles,S02-446.jpg,S02-446.js,Controlled Noise,
S02-459,polygons,S02-459.jpg,S02-459.js,Simple Cubic,
S02-474,circles,S02-474.jpg,S02-474.js,Popup Lines,
S02-555,squares,S02-555.png,S02-555.js,Quarter Bites,2026-09-25
S02-582,squares,S02-582.png,S02-582.js,Wandering Tunnel,2026-09-24
IF-004,triangles,IF-004.jpg,IF-004.js,Cube Triangle,
S02-525,squares,S02-525.png,S02-525.js,Broken Square,2026-09-25
S02-498,squares,S02-498.jpg,S02-498.js,Gravity Well,2026-09-25
S02-481,squares,S02-481.jpg,S02-481.js,Golden Spiral,2026-09-26
S02-634,squares,S02-634.jpg,S02-634.js,Magnetic Field,2026-09-26
S02-433,squares,S02-433.jpg,S02-433.js,Linked Circles,2026-09-26
S02-015,lines,S02-015.jpg,S02-015.js,Moon Phases,2026-09-26
S02-083,squares,S02-083.jpg,S02-083.js,Offset Rings,2026-09-26
S02-484,squares,S02-484.jpg,S02-484.js,Wavy Threads,2026-09-26
S02-029,circles,S02-029.jpg,S02-029.js,Swirl Ring,2026-09-26
S02-588,squares,S02-588.png,S02-588.js,Black Hole,2026-09-26
S02-341,squares,S02-341.jpg,S02-341.js,Wavy Lines,2026-09-26
S02-564,lines,S02-564.png,S02-564.js,Ringed Globe,2026-09-30
S02-548,lines,S02-548.png,S02-548.js,Balanced Bauhaus,2026-09-30
S02-557,lines,S02-557.png,S02-557.js,Sigil,2026-09-30
S02-589,lines,S02-589.png,S02-589.js,Wobbly Ring,2026-09-30
S02-128,triangles,S02-128.jpg,S02-128.js,String Triangle,2026-09-30
S02-265,circles,S02-265.jpg,S02-265.js,Arch Disc,2026-09-30
S02-322,lines,S02-322.jpg,S02-322.js,Vertical Moons,2026-09-30
S02-338,squares,S02-338.jpg,S02-338.js,Horizon Fan,2026-09-30
S02-630,squares,S02-630.jpg,S02-630.js,Horizon Moon,2026-09-30
